P,Age (weeks),Month,Day,Age (months),Baby Gender,Caregiver Age,Caregiver Race/Ethnicity,Family Annual Income,Education,Occupation,Other_Children_In_Home,Phone,Longitudinal
P51,3.71,0,0.87,0.87,2,30,"2,4",2,5,3,yes,IOS,no
P52,14.57,3,0.4,3.4,1,31,4,6,5,3,no,IOS,no
P53,30.43,7,0.03,7.03,1,26,4,3,8,2,yes,IOS,no
P54,5,1,0.13,1.13,2,30,6,3,5,3,no,IOS,no
P55,30.29,7,0,7,1,38,4,5,5,3,,IOS,no
P56,21,4,0.87,4.87,1,26,4,3,8,1,no,Android,no
P57,18.86,4,0.4,4.4,2,25,4,4,4,2,yes,IOS,no
P59,7.14,1,0.67,1.67,1,36,4,4,7,3,yes,IOS,no
P60,6,1,0.4,1.4,1,33,4,6,7,3,no,IOS,no
P62,19.14,4,0.47,4.47,1,32,4,3,7,2,yes,Android,no
P63,18.14,4,0.23,4.23,2,42,4,6,6,2,,IOS,no
P66,6,1,0.4,1.4,1,25,4,2,4,1,yes,IOS,no
P68,30.71,7,0.1,7.1,1,35,4,6,5,4,no,Android,no
P40,20.29,4,0.7,4.7,2,25,1,3,4,3,no,IOS,yes
P43,31.29,7,0.23,7.23,1,34,4,5,7,1,yes,Android,yes
P49,30.86,7,0.13,7.13,1,35,4,4,5,2,no,IOS,yes
P79,22.71,5,0.2,5.2,2,40,1,1,3,2,yes,Android,no